episode,sum q_values,average q_values
1,-548.6284,-1.0972571
2,-444.87573,-0.8897515
3,-458.68423,-0.9173686
