step,loss value
100,0.7519815
200,1.8672377
300,0.1310633
400,1.5197408
