episode,sum q_values,average q_values
1,-443.4068,-0.8868138
2,-464.8639,-0.9297279
3,-445.03143,-0.89006287
