episode,sum q_values,average q_values
1,-323.30786,-0.6466155
2,-360.63947,-0.72127897
3,-260.0259,-0.52005196
4,-274.67468,-0.5493495
5,-314.97253,-0.62994504
6,-271.27954,-0.54255915
7,-273.68536,-0.54737073
8,-299.87732,-0.5997558
9,-277.6467,-0.5552943
10,-225.05542,-0.4501109
11,-237.52567,-0.47505108
12,-254.53189,-0.50906354
13,-282.2616,-0.56452346
14,-268.97614,-0.53795224
15,-244.67908,-0.4893583
16,-274.65973,-0.5493197
