episode,sum q_values,average q_values
1,-214.60974,-0.42921945
2,-427.58914,-0.8551782
3,-387.19214,-0.7743841
4,-608.36005,-1.21672
5,-417.73523,-0.83547026
6,-549.03723,-1.0980744
7,-441.93143,-0.8838629
8,-483.5419,-0.9670839
9,-635.1862,-1.2703723
10,-556.25903,-1.1125181
11,-581.52185,-1.163044
12,-568.52734,-1.1370546
13,-675.7462,-1.3514922
