episode,sum q_values,average q_values
1,-275.75842,-0.5515167
2,-270.4693,-0.54093856
3,-253.49525,-0.50699043
4,-252.64676,-0.50529367
5,-258.71014,-0.5174202
6,-283.08978,-0.5661796
7,-278.40466,-0.55680937
8,-258.33282,-0.5166658
9,-276.68176,-0.55336356
10,-260.69916,-0.5213983
11,-256.33893,-0.51267797
12,-227.70015,-0.45540002
13,-227.68932,-0.45537856
14,-166.97824,-0.3339565
15,-184.21976,-0.36843953
